1, error_100, true
1, error_101, true
1, error_102, true
1, error_103, false
1, error_104, false
1, error_105, true
1, error_106, false
1, error_107, true
1, error_108, true
1, error_109, false
1, error_110, true
1, error_111, false
1, error_112, true
1, error_113, true
1, error_114, false
1, error_115, false
1, error_116, true
1, error_117, false
1, error_118, true
1, error_119, true
1, error_120, false
1, error_121, false
1, error_122, true
1, error_123, true
1, error_124, false
1, error_125, true
1, error_126, false
1, error_127, true
1, error_128, false
1, error_129, true
1, error_130, true
1, error_131, true
1, error_132, false
1, error_133, true
1, error_134, true
1, error_135, true
1, error_136, true
1, error_137, true
1, error_138, true
1, error_139, false
1, error_140, true
1, error_141, false
1, error_142, false
1, error_143, false
1, error_144, true
1, error_145, true
1, error_146, true
1, error_147, true
1, error_148, false
1, error_149, false
1, error_150, true
1, error_151, false
1, error_152, false
1, error_153, true
1, error_154, true
1, error_155, true
1, error_156, false
1, error_157, false
1, error_158, true
1, error_159, true
1, error_160, false
1, error_161, false
1, error_162, false
1, error_163, true
1, error_164, false
1, error_165, true
1, error_166, false
1, error_167, false
1, error_168, true
1, error_169, true
1, error_170, true
1, error_171, true
1, error_172, true
1, error_173, true
1, error_174, false
1, error_175, true
1, error_176, true
1, error_177, true
1, error_178, true
1, error_179, false
1, error_180, true
1, error_181, true
1, error_182, true
1, error_183, true
1, error_184, false
1, error_185, false
1, error_186, true
1, error_187, true
1, error_188, true
1, error_189, false
1, error_190, true
1, error_191, true
1, error_192, false
1, error_193, false
1, error_194, false
1, error_195, false
1, error_196, true
1, error_197, true
1, error_198, true
1, error_199, true
2, error_100, true
2, error_101, true
2, error_103, true
2, error_105, true
2, error_106, false
2, error_107, true
2, error_108, false
2, error_109, true
2, error_110, true
2, error_111, false
2, error_112, true
2, error_113, true
2, error_114, true
2, error_115, false
2, error_116, true
2, error_117, true
2, error_118, true
2, error_119, false
2, error_121, true
2, error_124, false
2, error_125, true
2, error_126, true
2, error_127, true
2, error_129, true
2, error_130, true
2, error_131, true
2, error_132, true
2, error_133, false
2, error_134, true
2, error_135, true
2, error_136, false
2, error_137, false
2, error_138, true
2, error_139, false
2, error_140, false
2, error_143, true
2, error_145, true
2, error_146, true
2, error_147, true
2, error_150, true
2, error_151, true
2, error_152, false
2, error_153, true
2, error_154, true
2, error_157, true
2, error_159, true
2, error_160, true
2, error_161, false
2, error_162, true
2, error_163, false
2, error_164, true
2, error_165, true
2, error_167, false
2, error_168, true
2, error_169, true
2, error_171, false
2, error_172, true
2, error_173, false
2, error_174, true
2, error_175, false
2, error_176, true
2, error_177, false
2, error_178, true
2, error_179, false
2, error_180, true
2, error_181, true
2, error_182, true
2, error_183, true
2, error_185, false
2, error_186, true
2, error_187, true
2, error_188, true
2, error_189, false
2, error_190, true
2, error_191, true
2, error_193, true
2, error_195, true
2, error_197, true
2, error_198, false
2, error_199, true
3, error_100, true
3, error_101, true
3, error_102, false
3, error_103, true
3, error_104, true
3, error_105, true
3, error_107, true
3, error_108, true
3, error_110, true
3, error_111, true
3, error_112, true
3, error_113, true
3, error_114, true
3, error_115, true
3, error_116, true
3, error_118, true
3, error_119, true
3, error_120, true
3, error_121, false
3, error_122, true
3, error_123, true
3, error_124, true
3, error_126, false
3, error_127, true
3, error_128, true
3, error_129, true
3, error_130, true
3, error_132, true
3, error_133, true
3, error_134, true
3, error_135, false
3, error_136, true
3, error_137, false
3, error_138, true
3, error_139, true
3, error_140, true
3, error_141, true
3, error_142, true
3, error_143, true
3, error_144, false
3, error_145, true
3, error_146, true
3, error_147, true
3, error_148, true
3, error_149, true
3, error_150, true
3, error_151, false
3, error_152, true
3, error_153, true
3, error_154, true
3, error_155, true
3, error_156, true
3, error_157, true
3, error_158, true
3, error_159, true
3, error_160, true
3, error_162, true
3, error_163, true
3, error_164, false
3, error_165, true
3, error_166, true
3, error_167, false
3, error_168, true
3, error_170, true
3, error_171, true
3, error_172, true
3, error_173, true
3, error_174, false
3, error_175, true
3, error_176, true
3, error_177, true
3, error_178, true
3, error_179, false
3, error_180, true
3, error_181, true
3, error_182, false
3, error_183, true
3, error_184, true
3, error_185, true
3, error_186, false
3, error_187, true
3, error_188, true
3, error_190, false
3, error_191, false
3, error_192, true
3, error_193, true
3, error_194, false
3, error_195, true
3, error_196, true
3, error_197, true
3, error_198, true
3, error_199, true
4, error_100, true
4, error_101, false
4, error_102, true
4, error_103, false
4, error_104, true
4, error_105, false
4, error_106, false
4, error_107, true
4, error_108, true
4, error_109, true
4, error_110, true
4, error_111, true
4, error_112, false
4, error_113, true
4, error_114, true
4, error_115, true
4, error_116, true
4, error_117, false
4, error_118, true
4, error_119, true
4, error_120, false
4, error_121, true
4, error_122, true
4, error_123, true
4, error_124, false
4, error_125, true
4, error_126, false
4, error_127, true
4, error_128, true
4, error_129, true
4, error_130, false
4, error_131, true
4, error_132, false
4, error_133, false
4, error_134, true
4, error_135, true
4, error_136, true
4, error_137, false
4, error_138, false
4, error_139, false
4, error_140, true
4, error_141, true
4, error_142, true
4, error_143, true
4, error_144, true
4, error_145, true
4, error_146, false
4, error_147, true
4, error_148, true
4, error_149, false
4, error_150, true
4, error_151, false
4, error_152, true
4, error_153, false
4, error_154, true
4, error_155, true
4, error_156, false
4, error_157, true
4, error_158, true
4, error_159, true
4, error_160, true
4, error_161, true
4, error_162, true
4, error_163, true
4, error_164, true
4, error_165, true
4, error_166, false
4, error_167, true
4, error_168, true
4, error_169, false
4, error_170, true
4, error_171, false
4, error_172, false
4, error_173, true
4, error_174, true
4, error_175, false
4, error_176, true
4, error_177, true
4, error_178, true
4, error_179, false
4, error_180, false
4, error_181, true
4, error_182, true
4, error_183, false
4, error_184, true
4, error_185, false
4, error_186, true
4, error_187, false
4, error_188, false
4, error_189, true
4, error_190, true
4, error_191, false
4, error_192, false
4, error_193, false
4, error_194, true
4, error_195, true
4, error_196, false
4, error_197, true
4, error_198, true
4, error_199, true
5, error_100, false
5, error_101, false
5, error_102, true
5, error_103, true
5, error_104, true
5, error_106, true
5, error_107, true
5, error_108, false
5, error_109, false
5, error_110, false
5, error_112, true
5, error_113, false
5, error_114, true
5, error_115, true
5, error_116, true
5, error_117, true
5, error_118, true
5, error_119, true
5, error_120, false
5, error_121, false
5, error_123, false
5, error_124, false
5, error_125, true
5, error_126, true
5, error_127, false
5, error_128, true
5, error_129, true
5, error_130, true
5, error_131, false
5, error_132, true
5, error_133, false
5, error_135, true
5, error_137, false
5, error_138, false
5, error_139, false
5, error_141, true
5, error_142, true
5, error_143, true
5, error_145, true
5, error_147, false
5, error_148, true
5, error_149, true
5, error_150, true
5, error_151, false
5, error_152, true
5, error_154, false
5, error_155, false
5, error_156, false
5, error_157, true
5, error_159, false
5, error_160, true
5, error_161, false
5, error_163, false
5, error_165, false
5, error_166, true
5, error_167, false
5, error_168, true
5, error_169, false
5, error_170, true
5, error_171, false
5, error_172, true
5, error_173, true
5, error_174, true
5, error_175, true
5, error_176, true
5, error_177, true
5, error_178, false
5, error_179, false
5, error_180, true
5, error_181, false
5, error_182, true
5, error_183, false
5, error_185, false
5, error_186, true
5, error_187, false
5, error_188, true
5, error_189, false
5, error_190, true
5, error_191, false
5, error_192, true
5, error_193, true
5, error_194, true
5, error_195, true
5, error_196, false
5, error_197, true
5, error_199, true
6, error_100, true
6, error_102, true
6, error_103, true
6, error_106, true
6, error_108, true
6, error_109, false
6, error_110, true
6, error_111, true
6, error_112, true
6, error_113, true
6, error_114, true
6, error_117, true
6, error_120, true
6, error_121, true
6, error_123, false
6, error_125, true
6, error_126, true
6, error_128, true
6, error_129, true
6, error_131, true
6, error_132, true
6, error_133, true
6, error_134, true
6, error_136, true
6, error_137, true
6, error_138, true
6, error_139, true
6, error_143, true
6, error_144, true
6, error_147, true
6, error_148, true
6, error_149, true
6, error_150, true
6, error_151, true
6, error_153, true
6, error_155, true
6, error_157, false
6, error_159, true
6, error_160, true
6, error_161, true
6, error_162, true
6, error_164, true
6, error_165, true
6, error_166, false
6, error_167, true
6, error_168, true
6, error_169, true
6, error_170, true
6, error_171, true
6, error_173, true
6, error_174, true
6, error_175, true
6, error_176, true
6, error_178, true
6, error_180, false
6, error_182, true
6, error_183, true
6, error_184, true
6, error_185, true
6, error_186, true
6, error_188, true
6, error_189, true
6, error_190, true
6, error_191, true
6, error_192, true
6, error_193, true
6, error_195, true
6, error_196, true
6, error_197, true
6, error_199, true
7, error_100, true
7, error_101, true
7, error_102, true
7, error_103, true
7, error_105, true
7, error_107, true
7, error_108, true
7, error_111, true
7, error_112, true
7, error_113, true
7, error_114, true
7, error_115, true
7, error_116, true
7, error_119, true
7, error_120, true
7, error_121, true
7, error_122, true
7, error_123, true
7, error_125, true
7, error_126, true
7, error_127, true
7, error_128, true
7, error_129, true
7, error_130, true
7, error_132, true
7, error_133, true
7, error_134, true
7, error_135, true
7, error_136, true
7, error_137, true
7, error_138, true
7, error_139, true
7, error_143, true
7, error_144, true
7, error_145, true
7, error_146, true
7, error_147, true
7, error_148, true
7, error_149, true
7, error_151, true
7, error_153, true
7, error_154, true
7, error_155, true
7, error_156, true
7, error_157, true
7, error_160, true
7, error_161, true
7, error_163, true
7, error_164, true
7, error_167, true
7, error_168, true
7, error_169, true
7, error_170, true
7, error_171, true
7, error_172, true
7, error_174, true
7, error_175, true
7, error_176, true
7, error_177, true
7, error_178, true
7, error_179, true
7, error_180, true
7, error_181, true
7, error_182, true
7, error_183, true
7, error_184, true
7, error_185, true
7, error_186, true
7, error_187, true
7, error_188, true
7, error_189, true
7, error_190, true
7, error_191, true
7, error_192, true
7, error_195, true
7, error_196, true
7, error_197, true
8, error_100, true
8, error_101, true
8, error_102, true
8, error_103, true
8, error_105, true
8, error_106, true
8, error_107, true
8, error_109, false
8, error_110, true
8, error_111, true
8, error_112, true
8, error_113, true
8, error_114, true
8, error_116, true
8, error_117, true
8, error_118, true
8, error_119, true
8, error_120, true
8, error_121, true
8, error_122, true
8, error_123, true
8, error_125, true
8, error_127, false
8, error_128, true
8, error_129, true
8, error_130, false
8, error_131, false
8, error_132, true
8, error_134, true
8, error_135, true
8, error_138, true
8, error_139, true
8, error_140, true
8, error_141, true
8, error_142, false
8, error_143, true
8, error_145, false
8, error_146, true
8, error_147, true
8, error_148, true
8, error_150, false
8, error_151, true
8, error_152, true
8, error_153, true
8, error_154, true
8, error_155, true
8, error_156, true
8, error_159, true
8, error_160, true
8, error_162, true
8, error_163, true
8, error_166, true
8, error_167, true
8, error_168, true
8, error_169, false
8, error_170, true
8, error_171, true
8, error_172, true
8, error_173, true
8, error_174, true
8, error_177, true
8, error_180, true
8, error_182, true
8, error_183, true
8, error_185, false
8, error_186, true
8, error_187, true
8, error_188, true
8, error_189, true
8, error_190, true
8, error_191, true
8, error_193, true
8, error_194, true
8, error_195, true
8, error_197, true
8, error_198, true
8, error_199, true
9, error_101, true
9, error_102, true
9, error_103, true
9, error_104, false
9, error_105, true
9, error_106, true
9, error_108, false
9, error_109, false
9, error_112, true
9, error_113, false
9, error_114, true
9, error_119, false
9, error_120, false
9, error_123, false
9, error_124, false
9, error_125, true
9, error_126, true
9, error_130, true
9, error_133, false
9, error_134, false
9, error_135, true
9, error_136, true
9, error_138, false
9, error_139, false
9, error_141, true
9, error_142, true
9, error_145, true
9, error_146, false
9, error_148, true
9, error_149, false
9, error_150, true
9, error_151, false
9, error_152, true
9, error_154, false
9, error_156, false
9, error_158, false
9, error_159, false
9, error_163, false
9, error_164, true
9, error_165, false
9, error_166, false
9, error_168, false
9, error_169, false
9, error_170, false
9, error_172, false
9, error_173, false
9, error_175, false
9, error_177, true
9, error_179, true
9, error_180, true
9, error_182, false
9, error_184, false
9, error_185, false
9, error_186, true
9, error_187, true
9, error_188, false
9, error_189, false
9, error_191, false
9, error_192, false
9, error_193, false
9, error_194, false
9, error_195, true
9, error_196, false
9, error_197, false
9, error_198, false
9, error_199, true
10, error_105, false
10, error_106, false
10, error_111, false
10, error_113, false
10, error_116, false
10, error_118, false
10, error_121, false
10, error_124, false
10, error_125, false
10, error_131, false
10, error_137, false
10, error_139, false
10, error_140, false
10, error_151, false
10, error_155, false
10, error_156, false
10, error_163, false
10, error_173, false
10, error_174, false
10, error_177, false
10, error_184, false
10, error_190, false
10, error_191, false
11, error_101, false
11, error_113, false
11, error_114, false
11, error_119, false
11, error_120, false
11, error_121, false
11, error_127, false
11, error_131, false
11, error_132, false
11, error_133, false
11, error_138, false
11, error_139, false
11, error_142, false
11, error_143, false
11, error_146, false
11, error_148, false
11, error_149, false
11, error_152, false
11, error_154, false
11, error_160, false
11, error_161, false
11, error_163, false
11, error_169, false
11, error_171, false
11, error_177, false
11, error_178, false
11, error_179, false
11, error_181, false
11, error_185, false
11, error_186, false
11, error_195, false
11, error_197, false
12, error_100, false
12, error_102, false
12, error_103, false
12, error_106, false
12, error_111, false
12, error_112, false
12, error_113, false
12, error_120, false
12, error_130, false
12, error_133, false
12, error_138, false
12, error_139, false
12, error_148, false
12, error_152, false
12, error_153, false
12, error_154, false
12, error_159, false
12, error_160, false
12, error_161, false
12, error_164, false
12, error_167, false
12, error_170, false
12, error_174, false
12, error_176, false
12, error_180, false
12, error_187, false
12, error_188, false
12, error_190, false
12, error_195, false
12, error_196, false
17, error_101, false
17, error_104, true
17, error_106, false
17, error_109, false
17, error_110, true
17, error_113, true
17, error_114, true
17, error_115, false
17, error_116, true
17, error_117, false
17, error_121, true
17, error_122, false
17, error_123, true
17, error_125, true
17, error_126, false
17, error_127, false
17, error_128, false
17, error_131, false
17, error_132, true
17, error_133, false
17, error_135, true
17, error_137, true
17, error_139, true
17, error_140, false
17, error_141, true
17, error_142, true
17, error_146, false
17, error_147, true
17, error_148, false
17, error_149, true
17, error_150, true
17, error_154, false
17, error_156, false
17, error_161, false
17, error_163, true
17, error_164, true
17, error_166, false
17, error_169, false
17, error_170, true
17, error_171, true
17, error_174, false
17, error_175, true
17, error_177, false
17, error_177, false
17, error_180, false
17, error_181, true
17, error_182, true
17, error_187, true
17, error_188, true
17, error_192, true
17, error_193, true
17, error_194, true
17, error_195, true
17, error_196, false
17, error_197, false
17, error_198, true
18, error_102, false
18, error_103, false
18, error_105, false
18, error_106, true
18, error_107, false
18, error_108, false
18, error_112, true
18, error_113, false
18, error_116, true
18, error_117, true
18, error_119, false
18, error_120, false
18, error_122, true
18, error_124, false
18, error_125, true
18, error_127, true
18, error_130, false
18, error_131, false
18, error_132, false
18, error_134, false
18, error_136, false
18, error_137, true
18, error_138, true
18, error_140, false
18, error_141, true
18, error_147, true
18, error_148, false
18, error_149, true
18, error_154, true
18, error_157, true
18, error_158, true
18, error_159, false
18, error_160, true
18, error_161, true
18, error_164, false
18, error_165, true
18, error_166, true
18, error_169, false
18, error_170, true
18, error_171, false
18, error_174, false
18, error_175, false
18, error_177, true
18, error_179, false
18, error_180, false
18, error_181, true
18, error_182, true
18, error_185, false
18, error_187, true
18, error_188, true
18, error_190, true
18, error_191, false
18, error_192, false
18, error_194, true
18, error_197, true
18, error_198, false
19, error_100, false
19, error_102, true
19, error_125, true
