tool	CPATiger 1.3-svn 10868:10887M	CPATiger 1.3-svn 10868:10887M	CPATiger 1.3-svn 10868:10887M	CPATiger 1.3-svn 10868:10887M	CPATiger 1.3-svn 10868:10887M	CPATiger 1.3-svn 10868:10887M	CPATiger 1.3-svn 10868:10887M	CPATiger 1.3-svn 10868:10887M	CPATiger 1.3-svn 10868:10887M	CPATiger 1.3-svn 10868:10887M	CPATiger 1.3-svn 10868:10887M	CPATiger 1.3-svn 10868:10887M	CPATiger 1.3-svn 10868:10887M	CPATiger 1.3-svn 10868:10887M	CPATiger 1.3-svn 10868:10887M	CPATiger 1.3-svn 10868:10887M	CPATiger 1.3-svn 10868:10887M	CPATiger 1.3-svn 10868:10887M	CPATiger 1.3-svn 10868:10887M	CPATiger 1.3-svn 10868:10887M	CPATiger 1.3-svn 10868:10887M	CPATiger 1.3-svn 10868:10887M	CPATiger 1.3-svn 10868:10887M	CPATiger 1.3-svn 10868:10887M	CPATiger 1.3-svn 10868:10887M	CPATiger 1.3-svn 10868:10887M	CPATiger 1.3-svn 10868:10887M	CPATiger 1.3-svn 10868:10887M	CPATiger 1.3-svn 10868:10887M	CPATiger 1.3-svn 10868:10887M	CPATiger 1.3-svn 10868:10887M	CPATiger 1.3-svn 10868:10887M	CPATiger 1.3-svn 10868:10887M	CPATiger 1.3-svn 10868:10887M	CPATiger 1.3-svn 10868:10887M	CPATiger 1.3-svn 10868:10887M	CPATiger 1.3-svn 10868:10887M	CPATiger 1.3-svn 10868:10887M	CPATiger 1.3-svn 10868:10887M	CPATiger 1.3-svn 10868:10887M	CPATiger 1.3-svn 10868:10887M	CPATiger 1.3-svn 10868:10887M	CPATiger 1.3-svn 10868:10887M	CPATiger 1.3-svn 10868:10887M
run set	predicate-bb	predicate-bb	predicate-bb	predicate-bb	predicate-bb	predicate-bb	predicate-bb	predicate-bb	predicate-bb	predicate-bb	predicate-bb	explicit-sim-bb	explicit-sim-bb	explicit-sim-bb	explicit-sim-bb	explicit-sim-bb	explicit-sim-bb	explicit-sim-bb	explicit-sim-bb	explicit-sim-bb	explicit-sim-bb	explicit-sim-bb	explicit-ref-bb	explicit-ref-bb	explicit-ref-bb	explicit-ref-bb	explicit-ref-bb	explicit-ref-bb	explicit-ref-bb	explicit-ref-bb	explicit-ref-bb	explicit-ref-bb	explicit-ref-bb	explicit-pred-bb	explicit-pred-bb	explicit-pred-bb	explicit-pred-bb	explicit-pred-bb	explicit-pred-bb	explicit-pred-bb	explicit-pred-bb	explicit-pred-bb	explicit-pred-bb	explicit-pred-bb
test/programs/benchmarks/ntdrivers-simplified/	status	cputime	walltime	memUsage	host	time in reach	goals	feasible	infeasible	imprecise	bugrevealing	status	cputime	walltime	memUsage	host	time in reach	goals	feasible	infeasible	imprecise	bugrevealing	status	cputime	walltime	memUsage	host	time in reach	goals	feasible	infeasible	imprecise	bugrevealing	status	cputime	walltime	memUsage	host	time in reach	goals	feasible	infeasible	imprecise	bugrevealing
cdaudio_simpl1_false-unreach-label_true-termination.cil.c	unknown	916.99	900.30	1957773312	marin	897.812	408	205	9	1	0	unknown	79.17	73.74	1803005952	marin	70.573	408	284	96	28	0	unknown	270.53	262.83	1824940032	marin	259.773	408	283	96	29	0	unknown	105.18	96.52	1841623040	marin	93.057	408	311	97	0	0
floppy_simpl3_false-unreach-label_true-termination.cil.c	unknown	251.31	240.73	1665617920	libeccio	238.677	201	166	35	0	0	unknown	26.31	20.53	1481191424	libeccio	18.35	201	166	35	0	0	unknown	129.05	121.85	1832304640	libeccio	119.66	201	166	35	0	0	unknown	35.39	28.56	1631993856	libeccio	26.295	201	166	35	0	0
floppy_simpl4_false-unreach-label_true-termination.cil.c	unknown	476.19	462.40	1882693632	sarma	459.96	284	247	37	0	0	unknown	45.19	40.53	1793142784	sarma	37.821	284	247	37	0	0	unknown	165.02	157.80	1833205760	sarma	155.014	284	247	37	0	0	unknown	77.97	69.60	1831870464	sarma	66.822	284	247	37	0	0
kbfiltr_simpl2_false-unreach-label_true-termination.cil.c	unknown	262.82	251.29	1823846400	monsun	249.466	182	145	37	0	0	unknown	19.74	12.89	751431680	monsun	10.8	182	145	37	0	0	unknown	38.93	33.64	1420218368	monsun	31.657	182	145	37	0	0	unknown	21.74	16.61	946024448	monsun	14.497	182	145	37	0	0
cdaudio_simpl1_true-unreach-label_true-termination.cil.c	unknown	919.90	900.28	1997017088	trurl	897.581	406	248	56	1	0	unknown	71.75	66.50	1799204864	trurl	63.357	406	281	97	28	0	unknown	265.73	257.46	1817063424	trurl	254.423	406	280	97	29	0	unknown	93.29	85.79	1834901504	trurl	82.644	406	308	98	0	0
diskperf_simpl1_true-unreach-label_true-termination.cil.c	unknown	848.94	832.21	2019655680	hal	830.196	200	150	50	0	0	unknown	911.40	900.24	1864835072	hal	-	-	-	-	-	-	unknown	734.31	710.52	2121822208	hal	708.489	200	130	47	23	0	unknown	916.22	900.32	2021879808	hal	898.197	200	131	0	30	0
floppy_simpl3_true-unreach-label_true-termination.cil.c	unknown	210.96	201.49	1526173696	andrew	199.521	202	165	37	0	0	unknown	20.96	15.54	989364224	andrew	13.253	202	165	37	0	0	unknown	119.45	111.50	1811750912	andrew	109.206	202	165	37	0	0	unknown	28.63	21.68	1466568704	andrew	19.439	202	165	37	0	0
floppy_simpl4_true-unreach-label_true-termination.cil.c	unknown	401.43	389.38	1895723008	andrew	387.017	284	246	38	0	0	unknown	35.58	30.76	1806741504	andrew	28.086	284	246	38	0	0	unknown	151.31	144.58	1826668544	andrew	141.834	284	246	38	0	0	unknown	55.28	48.48	1810722816	andrew	45.707	284	246	38	0	0
kbfiltr_simpl1_true-unreach-label_true-termination.cil.c	unknown	36.17	30.37	935124992	mistral	28.929	96	69	27	0	0	unknown	5.69	3.52	198328320	mistral	1.935	96	69	27	0	0	unknown	18.21	13.49	925601792	mistral	11.91	96	69	27	0	0	unknown	6.65	4.39	226955264	mistral	2.767	96	69	27	0	0
kbfiltr_simpl2_true-unreach-label_true-termination.cil.c	unknown	236.57	225.51	1850294272	megatron	223.581	182	144	38	0	0	unknown	13.83	10.00	529182720	megatron	7.747	182	144	38	0	0	unknown	37.53	31.03	949293056	megatron	29.029	182	144	38	0	0	unknown	19.25	14.30	774598656	megatron	12.221	182	144	38	0	0
s3_clnt_1_false-unreach-label.cil.c	unknown	912.35	900.29	1914077184	monsun	898.704	153	19	1	1	10	unknown	21.64	16.20	1411526656	monsun	14.481	153	15	21	117	0	unknown	23.79	18.36	1427791872	monsun	16.665	153	15	21	117	0	unknown	167.07	156.75	1857335296	monsun	154.749	153	22	21	0	110
s3_clnt_2_false-unreach-label_true-termination.cil.c	unknown	911.79	900.22	1301839872	sarma	898.677	155	19	1	1	17	unknown	20.79	16.75	1426640896	sarma	15.045	155	15	22	118	0	unknown	25.30	19.55	939122688	sarma	17.874	155	15	22	118	0	unknown	172.42	161.42	1850744832	sarma	159.406	155	22	22	0	111
s3_clnt_3_false-unreach-label.cil.c	unknown	910.20	900.36	1882341376	marin	898.804	155	19	1	1	10	unknown	22.58	18.27	1441304576	marin	16.581	155	15	22	118	0	unknown	26.14	20.06	1431048192	marin	18.402	155	15	22	118	0	unknown	182.60	172.23	1860427776	marin	170.14	155	22	22	0	111
s3_clnt_4_false-unreach-label.cil.c	unknown	911.36	900.23	1159659520	rommie	898.631	155	19	1	1	17	unknown	22.65	17.11	1430306816	rommie	15.329	155	15	22	118	0	unknown	24.36	18.61	926842880	rommie	16.863	155	15	22	118	0	unknown	171.22	161.56	1853726720	rommie	159.561	155	22	22	0	111
s3_srvr_10_false-unreach-label.cil.c	unknown	915.72	900.33	2148630528	hal	898.65	185	16	0	1	0	unknown	257.15	249.61	1869766656	hal	247.759	185	20	60	105	0	unknown	72.76	66.89	1487671296	hal	65.042	185	20	60	105	0	unknown	512.33	500.58	1916067840	hal	498.174	185	124	61	0	0
s3_srvr_11_false-unreach-label.cil.c	unknown	917.11	900.35	2305646592	erasmus	898.701	187	17	0	1	0	unknown	90.17	84.82	1828782080	erasmus	82.957	187	16	45	126	0	unknown	32.69	27.46	1436696576	erasmus	25.712	187	16	45	126	0	unknown	357.54	346.74	1898151936	erasmus	344.355	187	92	46	1	48
s3_srvr_12_false-unreach-label.cil.c	unknown	913.37	900.33	2017177600	kachchab	898.744	206	17	0	1	0	unknown	405.35	396.53	1927286784	kachchab	394.622	206	16	54	136	0	unknown	56.48	50.02	1782554624	kachchab	48.106	206	16	54	136	0	unknown	919.28	900.27	1975803904	kachchab	897.867	206	70	47	2	78
s3_srvr_13_false-unreach-label.cil.c	unknown	914.58	900.29	2059399168	sarma	898.605	190	17	0	1	0	unknown	139.30	132.07	1851805696	sarma	130.089	190	16	46	122	6	unknown	37.67	30.51	939589632	sarma	28.613	190	16	46	122	6	unknown	387.66	374.98	1971445760	sarma	372.657	190	100	48	0	42
s3_srvr_14_false-unreach-label.cil.c	unknown	913.45	900.29	2166579200	optimus	898.611	191	18	0	1	0	unknown	548.77	539.01	1939320832	optimus	537.051	191	16	49	126	0	unknown	80.14	73.82	1808371712	optimus	71.896	191	16	49	126	0	unknown	917.32	900.32	1994665984	optimus	898.299	191	65	0	29	5
s3_srvr_1_false-unreach-label.cil.c	unknown	916.21	900.27	2334269440	levante	898.692	180	17	0	1	0	unknown	25.76	21.30	1408229376	levante	19.355	180	33	58	89	0	unknown	26.05	20.26	1425887232	levante	18.372	180	33	58	89	0	unknown	50.97	43.90	1794146304	levante	41.729	180	121	59	0	0
s3_srvr_2_false-unreach-label.cil.c	unknown	912.05	900.28	1971179520	monsun	898.584	178	18	0	1	0	unknown	25.83	21.02	1433845760	monsun	19.173	178	33	55	90	0	unknown	26.28	20.52	926285824	monsun	18.725	178	33	55	90	0	unknown	67.11	58.44	1788514304	monsun	56.128	178	92	56	0	30
s3_srvr_6_false-unreach-label.cil.c	unknown	917.79	900.29	2251022336	nomad	898.61	199	17	0	1	0	unknown	230.76	223.05	1897332736	nomad	221.204	199	18	53	128	0	unknown	329.01	318.80	1912864768	nomad	316.918	199	18	48	133	0	unknown	842.68	822.88	2047209472	nomad	820.487	199	103	54	5	37
s3_clnt_1_true-unreach-label.cil.c	unknown	914.90	900.26	1922392064	bohorok	898.713	153	19	1	1	17	unknown	33.50	28.24	1771724800	bohorok	26.451	153	15	21	117	0	unknown	26.74	20.11	766291968	bohorok	18.365	153	15	21	117	0	unknown	251.11	239.54	1872883712	bohorok	237.409	153	22	21	0	110
s3_clnt_2_true-unreach-label_true-termination.cil.c	unknown	911.43	900.26	1423482880	chamsin	898.748	155	20	1	1	17	unknown	35.54	30.51	1762316288	chamsin	28.689	155	15	23	117	0	unknown	26.50	20.82	1419247616	chamsin	19.071	155	15	23	117	0	unknown	250.21	237.79	1884135424	chamsin	235.769	155	22	23	0	110
s3_clnt_3_true-unreach-label.cil.c	unknown	911.82	900.30	1956577280	kachchab	898.598	155	19	1	1	17	unknown	38.54	33.56	1448812544	kachchab	31.871	155	15	23	117	0	unknown	27.28	21.55	924581888	kachchab	19.94	155	15	23	117	0	unknown	274.74	263.14	1880932352	kachchab	261.107	155	22	23	0	110
s3_clnt_4_true-unreach-label.cil.c	unknown	910.58	900.21	851095552	autan	898.661	155	19	1	1	17	unknown	35.05	30.53	1431334912	autan	28.796	155	15	23	117	0	unknown	25.17	19.62	933654528	autan	17.929	155	15	23	117	0	unknown	258.31	246.94	1857253376	autan	244.902	155	22	23	0	110
s3_srvr_1_true-unreach-label.cil.c	unknown	917.94	900.34	2331635712	monsun	898.727	181	17	0	1	0	unknown	26.14	22.12	1767940096	monsun	20.238	181	16	46	119	0	unknown	29.05	23.44	768454656	monsun	21.562	181	16	46	119	0	unknown	60.82	53.00	1789415424	monsun	50.774	181	133	48	0	0
s3_srvr_1a_true-unreach-label.cil.c	unknown	184.82	177.10	1465864192	andrew	175.721	48	43	5	0	0	unknown	5.00	3.09	164229120	andrew	1.523	48	36	4	8	0	unknown	7.04	4.19	223629312	andrew	2.59	48	36	4	8	0	unknown	5.04	3.31	142499840	andrew	1.765	48	43	5	0	0
s3_srvr_1b_true-unreach-label_false-termination.cil.c	unknown	7.60	4.98	150011904	bohorok	3.81	27	22	5	0	0	unknown	2.48	1.87	94023680	bohorok	0.506	27	16	4	7	0	unknown	3.88	2.51	107020288	bohorok	1.172	27	16	4	7	0	unknown	2.53	1.85	98033664	bohorok	0.53	27	22	5	0	0
s3_srvr_2_true-unreach-label.cil.c	unknown	913.93	900.32	2071252992	chamsin	898.702	178	18	0	1	0	unknown	25.56	20.97	1444339712	chamsin	19.186	178	16	45	117	0	unknown	27.82	22.52	754683904	chamsin	20.712	178	16	45	117	0	unknown	109.96	98.89	1827090432	chamsin	96.592	178	92	46	1	39
s3_srvr_3_true-unreach-label.cil.c	unknown	914.37	900.33	2101993472	meltemi	898.695	177	16	0	1	0	unknown	25.93	21.09	1448914944	meltemi	19.331	177	16	43	118	0	unknown	27.46	21.97	922959872	meltemi	20.108	177	16	43	118	0	unknown	109.10	100.17	1813917696	meltemi	97.824	177	92	45	1	39
s3_srvr_4_true-unreach-label.cil.c	unknown	915.35	900.29	2168254464	meltemi	898.609	178	16	0	1	0	unknown	25.63	21.10	1170898944	meltemi	19.259	178	16	44	118	0	unknown	27.60	22.25	1148973056	meltemi	20.4	178	16	44	118	0	unknown	109.96	98.95	1838882816	meltemi	96.685	178	92	47	1	38
s3_srvr_6_true-unreach-label.cil.c	unknown	915.03	900.36	2243395584	t1000	898.637	197	17	0	1	0	unknown	222.57	215.20	1893724160	t1000	213.351	197	16	53	128	0	unknown	332.69	321.96	1961254912	t1000	320.044	197	16	48	133	0	unknown	763.21	745.45	2030645248	t1000	743.016	197	97	54	3	43
s3_srvr_7_true-unreach-label.cil.c	unknown	918.60	900.32	2223767552	optimus	898.643	184	17	0	1	0	unknown	118.61	112.23	1822670848	optimus	110.303	184	16	46	122	0	unknown	33.43	27.79	1421856768	optimus	25.903	184	16	46	122	0	unknown	490.43	474.41	1996996608	optimus	472.116	184	96	49	4	35
s3_srvr_8_true-unreach-label.cil.c	unknown	915.06	900.27	2183847936	andrew	898.58	186	16	0	1	0	unknown	28.57	24.14	1431453696	andrew	22.215	186	16	49	121	0	unknown	62.73	56.58	1813721088	andrew	54.664	186	16	49	121	0	unknown	117.46	106.18	1833426944	andrew	103.878	186	93	52	1	40
test_locks_14_false-unreach-label.c	unknown	8.78	5.61	215265280	oroshi	4.189	75	61	14	0	0	unknown	910.44	900.27	1135357952	oroshi	898.886	75	20	0	1	0	unknown	909.88	900.28	828686336	oroshi	898.844	75	20	0	1	0	unknown	911.19	900.20	1149616128	oroshi	898.833	75	20	0	1	0
test_locks_15_false-unreach-label.c	unknown	9.22	6.05	220651520	autan	4.642	81	66	15	0	0	unknown	909.29	900.25	1135308800	autan	898.819	81	2	0	1	0	unknown	911.35	900.26	1404739584	autan	898.869	81	21	0	1	0	unknown	909.81	900.27	1754963968	autan	898.847	81	2	0	1	0
test_locks_10_true-unreach-label.c	unknown	6.88	4.57	147300352	katakaze	3.182	56	45	11	0	0	unknown	908.98	900.29	1260630016	katakaze	898.894	56	2	0	1	0	unknown	909.40	900.25	1139654656	katakaze	898.857	56	2	0	1	0	unknown	909.84	900.33	1849040896	katakaze	898.859	56	2	0	1	0
test_locks_11_true-unreach-label_false-termination.c	unknown	7.63	4.93	148889600	kitt	3.629	61	49	12	0	0	unknown	909.08	900.22	1246015488	kitt	898.883	61	2	0	1	0	unknown	909.56	900.29	1017475072	kitt	898.901	61	2	0	1	0	unknown	909.88	900.26	1386303488	kitt	898.896	61	2	0	1	0
test_locks_12_true-unreach-label_false-termination.c	unknown	8.79	5.38	159354880	erasmus	4.096	66	53	13	0	0	unknown	909.20	900.30	1246695424	erasmus	898.875	66	2	0	1	0	unknown	909.65	900.25	1247555584	erasmus	898.919	66	2	0	1	0	unknown	909.94	900.26	1283747840	erasmus	898.862	66	2	0	1	0
test_locks_13_true-unreach-label.c	unknown	8.98	5.87	212021248	necron	4.558	71	57	14	0	0	unknown	909.40	900.26	1134690304	necron	898.888	71	2	0	1	0	unknown	909.35	900.27	1403723776	necron	898.874	71	2	0	1	0	unknown	909.88	900.31	1753460736	necron	898.884	71	2	0	1	0
test_locks_14_true-unreach-label.c	unknown	10.01	6.82	231079936	marin	5.462	76	61	15	0	0	unknown	908.86	900.24	1398792192	marin	898.86	76	2	0	1	0	unknown	909.81	900.30	1509937152	marin	898.86	76	2	0	1	0	unknown	910.04	900.28	1144356864	marin	898.831	76	2	0	1	0
test_locks_15_true-unreach-label_false-termination.c	unknown	10.91	7.57	219803648	nomad	6.149	81	65	16	0	0	unknown	909.28	900.31	1254027264	nomad	898.866	81	2	0	1	0	unknown	909.20	900.29	1402388480	nomad	898.822	81	2	0	1	0	unknown	909.66	900.32	1759334400	nomad	898.846	81	2	0	1	0
test_locks_5_true-unreach-label_false-termination.c	unknown	3.42	2.43	97038336	optimus	1.182	31	25	6	0	0	unknown	7.53	4.85	358723584	optimus	3.494	31	25	6	0	0	unknown	7.31	4.72	356474880	optimus	3.361	31	25	6	0	0	unknown	9.95	6.18	368816128	optimus	4.812	31	25	6	0	0
test_locks_6_true-unreach-label_false-termination.c	unknown	4.25	2.83	123727872	buran	1.591	36	29	7	0	0	unknown	20.95	17.44	1751773184	buran	16.056	36	29	7	0	0	unknown	19.66	15.66	1172070400	buran	14.338	36	29	7	0	0	unknown	25.67	21.53	1427968000	buran	20.187	36	29	7	0	0
test_locks_7_true-unreach-label_false-termination.c	unknown	4.95	3.32	148484096	t1000	2.046	41	33	8	0	0	unknown	138.21	134.68	1438507008	t1000	133.29	41	33	8	0	0	unknown	127.23	121.01	1508810752	t1000	119.63	41	33	8	0	0	unknown	150.65	145.61	1218056192	t1000	144.234	41	33	8	0	0
test_locks_8_true-unreach-label_false-termination.c	unknown	5.81	3.58	150208512	optimus	2.35	46	37	9	0	0	unknown	910.24	900.28	1490706432	optimus	898.864	46	34	7	1	0	unknown	912.00	900.23	1775722496	optimus	898.881	46	36	8	1	0	unknown	911.30	900.28	1756762112	optimus	898.92	46	30	6	1	0
test_locks_9_true-unreach-label.c	unknown	6.36	4.05	149131264	leste	2.734	51	41	10	0	0	unknown	910.69	900.23	1133047808	leste	898.88	51	24	0	1	0	unknown	910.21	900.30	1282834432	leste	898.881	51	24	1	1	0	unknown	911.16	900.26	1415692288	leste	898.892	51	22	0	1	0
