tool	CPATiger 1.3-svn 10868:10887	CPATiger 1.3-svn 10868:10887	CPATiger 1.3-svn 10868:10887	CPATiger 1.3-svn 10868:10887	CPATiger 1.3-svn 10868:10887	CPATiger 1.3-svn 10868:10887	CPATiger 1.3-svn 10868:10887	CPATiger 1.3-svn 10868:10887	CPATiger 1.3-svn 10868:10887	CPATiger 1.3-svn 10868:10887	CPATiger 1.3-svn 10868:10887	CPATiger 1.3-svn 10868:10887	CPATiger 1.3-svn 10868:10887	CPATiger 1.3-svn 10868:10887	CPATiger 1.3-svn 10868:10887	CPATiger 1.3-svn 10868:10887	CPATiger 1.3-svn 10868:10887	CPATiger 1.3-svn 10868:10887	CPATiger 1.3-svn 10868:10887	CPATiger 1.3-svn 10868:10887	CPATiger 1.3-svn 10868:10887	CPATiger 1.3-svn 10868:10887	CPATiger 1.3-svn 10868:10887	CPATiger 1.3-svn 10868:10887	CPATiger 1.3-svn 10868:10887	CPATiger 1.3-svn 10868:10887	CPATiger 1.3-svn 10868:10887	CPATiger 1.3-svn 10868:10887	CPATiger 1.3-svn 10868:10887	CPATiger 1.3-svn 10868:10887	CPATiger 1.3-svn 10868:10887	CPATiger 1.3-svn 10868:10887	CPATiger 1.3-svn 10868:10887	CPATiger 1.3-svn 10868:10887	CPATiger 1.3-svn 10868:10887	CPATiger 1.3-svn 10868:10887	CPATiger 1.3-svn 10868:10887	CPATiger 1.3-svn 10868:10887	CPATiger 1.3-svn 10868:10887	CPATiger 1.3-svn 10868:10887	CPATiger 1.3-svn 10868:10887	CPATiger 1.3-svn 10868:10887	CPATiger 1.3-svn 10868:10887	CPATiger 1.3-svn 10868:10887
run set	predicate-bb	predicate-bb	predicate-bb	predicate-bb	predicate-bb	predicate-bb	predicate-bb	predicate-bb	predicate-bb	predicate-bb	predicate-bb	explicit-sim-bb	explicit-sim-bb	explicit-sim-bb	explicit-sim-bb	explicit-sim-bb	explicit-sim-bb	explicit-sim-bb	explicit-sim-bb	explicit-sim-bb	explicit-sim-bb	explicit-sim-bb	explicit-ref-bb	explicit-ref-bb	explicit-ref-bb	explicit-ref-bb	explicit-ref-bb	explicit-ref-bb	explicit-ref-bb	explicit-ref-bb	explicit-ref-bb	explicit-ref-bb	explicit-ref-bb	explicit-pred-bb	explicit-pred-bb	explicit-pred-bb	explicit-pred-bb	explicit-pred-bb	explicit-pred-bb	explicit-pred-bb	explicit-pred-bb	explicit-pred-bb	explicit-pred-bb	explicit-pred-bb
test/programs/benchmarks/ntdrivers-simplified/	status	cputime	walltime	memUsage	host	time in reach	goals	feasible	infeasible	imprecise	bugrevealing	status	cputime	walltime	memUsage	host	time in reach	goals	feasible	infeasible	imprecise	bugrevealing	status	cputime	walltime	memUsage	host	time in reach	goals	feasible	infeasible	imprecise	bugrevealing	status	cputime	walltime	memUsage	host	time in reach	goals	feasible	infeasible	imprecise	bugrevealing
cdaudio_simpl1_false-unreach-label_true-termination.cil.c	unknown	334.78	323.52	1871704064	gibli	320.42	408	311	97	0	0	unknown	21.70	16.21	948031488	gibli	12.895	408	288	96	24	0	unknown	42.27	36.07	1792212992	gibli	33.034	408	294	96	18	0	unknown	31.73	24.32	1471119360	gibli	20.968	408	311	97	0	0
floppy_simpl3_false-unreach-label_true-termination.cil.c	unknown	77.81	66.47	955482112	katakaze	64.481	201	166	35	0	0	unknown	15.06	10.58	659943424	katakaze	8.208	201	166	35	0	0	unknown	22.34	16.69	1404370944	katakaze	14.502	201	166	35	0	0	unknown	20.37	14.54	953700352	katakaze	12.119	201	166	35	0	0
floppy_simpl4_false-unreach-label_true-termination.cil.c	unknown	118.98	108.27	954077184	autan	105.213	284	247	37	0	0	unknown	22.61	16.91	1332137984	autan	14.215	284	247	37	0	0	unknown	25.74	20.44	1442287616	autan	17.788	284	247	37	0	0	unknown	34.35	26.58	1475428352	autan	23.849	284	247	37	0	0
kbfiltr_simpl2_false-unreach-label_true-termination.cil.c	unknown	32.51	26.06	949846016	chinook	24.299	182	145	37	0	0	unknown	10.98	6.50	343207936	chinook	4.278	182	145	37	0	0	unknown	11.84	7.19	406188032	chinook	5.216	182	145	37	0	0	unknown	13.12	8.58	400433152	chinook	6.55	182	145	37	0	0
cdaudio_simpl1_true-unreach-label_true-termination.cil.c	unknown	299.63	287.71	1854582784	chamsin	284.701	406	308	98	0	0	unknown	20.84	15.47	950325248	chamsin	12.328	406	285	97	24	0	unknown	39.84	33.33	1776799744	chamsin	30.25	406	291	97	18	0	unknown	30.77	23.18	1205661696	chamsin	20.011	406	308	98	0	0
diskperf_simpl1_true-unreach-label_true-termination.cil.c	unknown	106.46	96.56	1114750976	levante	94.577	200	150	50	0	0	unknown	913.20	900.26	1528008704	levante	-	-	-	-	-	-	unknown	26.89	21.16	1460580352	levante	18.89	200	149	48	3	0	unknown	913.95	900.31	1994743808	levante	898.19	200	127	0	25	0
floppy_simpl3_true-unreach-label_true-termination.cil.c	unknown	76.84	67.98	792113152	foehn	66.068	202	165	37	0	0	unknown	13.49	9.55	622710784	foehn	7.292	202	165	37	0	0	unknown	21.66	16.60	1445085184	foehn	14.36	202	165	37	0	0	unknown	18.56	13.23	776638464	foehn	11.014	202	165	37	0	0
floppy_simpl4_true-unreach-label_true-termination.cil.c	unknown	128.69	117.18	949342208	roderick	114.694	284	246	38	0	0	unknown	20.17	15.63	1180463104	roderick	12.878	284	246	38	0	0	unknown	25.30	20.27	1166340096	roderick	17.666	284	246	38	0	0	unknown	32.18	25.15	1472446464	roderick	22.348	284	246	38	0	0
kbfiltr_simpl1_true-unreach-label_true-termination.cil.c	unknown	16.02	10.17	372789248	megatron	8.718	96	69	27	0	0	unknown	5.07	3.27	163483648	megatron	1.49	96	69	27	0	0	unknown	8.32	4.85	303280128	megatron	3.204	96	69	27	0	0	unknown	5.67	3.50	161394688	megatron	1.865	96	69	27	0	0
kbfiltr_simpl2_true-unreach-label_true-termination.cil.c	unknown	35.95	26.91	941203456	meltemi	25.123	182	144	38	0	0	unknown	9.14	5.89	351690752	meltemi	3.767	182	144	38	0	0	unknown	13.62	7.76	373735424	meltemi	5.742	182	144	38	0	0	unknown	13.04	8.21	367304704	meltemi	6.136	182	144	38	0	0
s3_clnt_1_false-unreach-label.cil.c	unknown	913.91	900.30	1933918208	kachchab	898.594	153	19	6	1	50	unknown	19.98	13.86	934498304	kachchab	12.239	153	15	21	117	0	unknown	13.64	8.68	614989824	kachchab	7.028	153	15	21	117	0	unknown	202.56	192.40	1817608192	kachchab	190.405	153	21	21	0	111
s3_clnt_2_false-unreach-label_true-termination.cil.c	unknown	915.88	900.30	1790726144	libeccio	898.577	155	19	7	1	57	unknown	17.80	13.43	943607808	libeccio	11.785	155	15	22	118	0	unknown	14.78	9.35	621264896	libeccio	7.644	155	15	22	118	0	unknown	214.10	204.12	1835446272	libeccio	201.971	155	21	22	0	112
s3_clnt_3_false-unreach-label.cil.c	unknown	914.98	900.28	2136604672	sarma	-	155	19	2	1	22	unknown	18.38	14.18	921227264	sarma	12.485	155	15	22	118	0	unknown	16.45	10.12	624402432	sarma	8.435	155	15	22	118	0	unknown	313.39	302.96	1851330560	sarma	300.884	155	21	22	0	112
s3_clnt_4_false-unreach-label.cil.c	unknown	914.24	900.26	1456672768	nomad	898.621	155	19	4	1	37	unknown	17.21	12.85	785199104	nomad	11.198	155	15	22	118	0	unknown	13.95	8.97	516325376	nomad	7.276	155	15	22	118	0	unknown	207.27	198.11	1806495744	nomad	196.069	155	21	22	0	112
s3_srvr_10_false-unreach-label.cil.c	unknown	916.37	900.29	2190458880	foehn	898.629	185	16	0	1	0	unknown	217.12	210.29	1827639296	foehn	208.498	185	18	60	107	0	unknown	39.42	34.22	1433858048	foehn	32.292	185	20	60	105	0	unknown	340.07	329.48	1842876416	foehn	327.011	185	124	61	0	0
s3_srvr_11_false-unreach-label.cil.c	unknown	917.34	900.32	2260746240	levante	898.681	187	17	0	1	0	unknown	99.50	94.57	1439416320	levante	92.739	187	10	45	132	0	unknown	14.39	9.38	622092288	levante	7.503	187	28	45	114	0	unknown	916.15	900.31	1925451776	levante	897.77	187	91	2	22	44
s3_srvr_12_false-unreach-label.cil.c	unknown	913.03	900.27	1616125952	katakaze	898.596	206	17	0	1	0	unknown	322.65	314.71	1834102784	katakaze	312.87	206	10	54	142	0	unknown	40.57	35.66	1771966464	katakaze	33.682	206	29	54	123	0	unknown	918.94	900.32	2012758016	katakaze	897.752	206	67	2	24	79
s3_srvr_13_false-unreach-label.cil.c	unknown	913.38	900.30	1349218304	leste	898.681	190	17	0	1	0	unknown	121.22	114.50	1827823616	leste	112.519	190	19	46	119	6	unknown	26.80	20.82	1450979328	leste	18.875	190	22	46	116	6	unknown	514.18	499.57	1888161792	leste	497.05	190	95	47	1	47
s3_srvr_14_false-unreach-label.cil.c	unknown	914.67	900.28	2115051520	sarma	898.677	191	18	0	1	0	unknown	376.26	368.34	1843617792	sarma	366.471	191	10	49	132	0	unknown	142.76	136.42	1831047168	sarma	134.523	191	16	49	126	0	unknown	915.46	900.38	1958633472	sarma	898.068	191	64	0	20	33
s3_srvr_1_false-unreach-label.cil.c	unknown	914.90	900.35	2231050240	marin	898.679	180	17	0	1	0	unknown	22.38	17.18	1433653248	marin	15.414	180	31	58	91	0	unknown	13.91	8.23	375148544	marin	6.373	180	31	58	91	0	unknown	773.17	758.24	1868705792	marin	756.063	180	121	43	16	0
s3_srvr_2_false-unreach-label.cil.c	unknown	916.92	900.33	2205270016	rommie	898.645	178	18	0	1	0	unknown	22.26	18.16	1426223104	rommie	16.307	178	33	55	90	0	unknown	13.44	8.05	398598144	rommie	6.218	178	33	55	90	0	unknown	836.46	819.72	1878126592	rommie	817.336	178	94	38	18	28
s3_srvr_6_false-unreach-label.cil.c	unknown	912.84	900.30	1426767872	andrew	898.672	199	17	0	1	0	unknown	192.54	186.31	1833353216	andrew	184.458	199	12	53	133	1	unknown	46.07	40.66	1788674048	andrew	38.763	199	34	53	112	0	unknown	918.17	900.29	1970216960	andrew	898.064	199	59	2	19	39
s3_clnt_1_true-unreach-label.cil.c	unknown	914.47	900.30	1669881856	levante	898.583	153	19	6	1	47	unknown	30.74	26.41	1435381760	levante	24.658	153	15	21	117	0	unknown	20.09	13.43	943075328	levante	11.81	153	15	21	117	0	unknown	430.39	418.66	1862582272	levante	416.585	153	21	20	1	111
s3_clnt_2_true-unreach-label_true-termination.cil.c	unknown	914.66	900.23	1896296448	marvin	898.529	155	20	7	1	51	unknown	33.46	28.48	1447800832	marvin	26.745	155	15	23	117	0	unknown	18.47	13.16	931524608	marvin	11.43	155	15	23	117	0	unknown	467.48	456.67	1857355776	marvin	454.547	155	21	22	1	111
s3_clnt_3_true-unreach-label.cil.c	unknown	913.09	900.26	2083065856	oroshi	898.613	155	19	6	1	50	unknown	36.65	32.07	1431781376	oroshi	30.389	155	15	23	117	0	unknown	18.08	13.15	1151488000	oroshi	11.444	155	15	23	117	0	unknown	735.48	720.58	1863467008	oroshi	718.512	155	21	20	3	111
s3_clnt_4_true-unreach-label.cil.c	unknown	914.70	900.30	1702731776	hal	898.615	155	19	6	1	47	unknown	32.72	28.09	1776390144	hal	26.334	155	15	23	117	0	unknown	17.34	12.79	769720320	hal	11.119	155	15	23	117	0	unknown	478.59	466.59	1855537152	hal	464.519	155	21	22	1	111
s3_srvr_1_true-unreach-label.cil.c	unknown	918.21	900.35	2332332032	roderick	898.602	181	17	0	1	0	unknown	26.37	21.05	1743347712	roderick	19.141	181	33	46	102	0	unknown	16.83	10.72	628817920	roderick	8.914	181	29	46	106	0	unknown	903.89	887.31	1947541504	roderick	884.915	181	133	24	24	0
s3_srvr_1a_true-unreach-label.cil.c	unknown	73.64	67.38	1459421184	leste	66.06	48	43	5	0	0	unknown	4.86	3.00	124379136	leste	1.37	48	37	4	7	0	unknown	5.12	3.11	151416832	leste	1.453	48	37	4	7	0	unknown	5.32	3.41	156712960	leste	1.726	48	43	5	0	0
s3_srvr_1b_true-unreach-label_false-termination.cil.c	unknown	5.39	3.66	152514560	trurl	2.494	27	22	5	0	0	unknown	2.21	1.74	93536256	trurl	0.41	27	16	4	7	0	unknown	2.43	1.82	96436224	trurl	0.541	27	16	4	7	0	unknown	2.42	1.76	99590144	trurl	0.45	27	22	5	0	0
s3_srvr_2_true-unreach-label.cil.c	unknown	913.90	900.31	2092363776	megatron	898.698	178	18	0	1	0	unknown	23.34	18.64	1403105280	megatron	16.784	178	10	45	123	0	unknown	15.89	9.77	525803520	megatron	8.031	178	16	45	117	0	unknown	917.20	900.29	1946853376	megatron	897.945	178	91	3	24	37
s3_srvr_3_true-unreach-label.cil.c	unknown	913.39	900.27	2111217664	andrew	898.698	177	16	0	1	0	unknown	22.52	17.49	1424203776	andrew	15.647	177	10	43	124	0	unknown	17.24	10.61	629776384	andrew	8.802	177	28	43	106	0	unknown	723.76	900.28	1878089728	andrew	-	-	-	-	-	-
s3_srvr_4_true-unreach-label.cil.c	unknown	915.14	900.35	2108801024	nomad	898.671	178	16	0	1	0	unknown	22.72	18.16	1424003072	nomad	16.356	178	10	44	124	0	unknown	14.44	9.20	612052992	nomad	7.438	178	16	44	118	0	unknown	916.66	900.32	1909215232	nomad	897.868	178	91	4	24	36
s3_srvr_6_true-unreach-label.cil.c	unknown	912.14	900.29	1086976000	megatron	898.603	197	17	0	1	0	unknown	212.32	205.77	1825259520	megatron	203.841	197	29	53	115	0	unknown	39.60	33.83	1796087808	megatron	31.971	197	10	53	134	0	unknown	918.70	900.32	1968717824	megatron	897.908	197	55	2	19	43
s3_srvr_7_true-unreach-label.cil.c	unknown	914.53	900.42	2153877504	hal	898.767	184	17	0	1	0	unknown	103.90	97.69	1789702144	hal	95.802	184	10	46	128	0	unknown	23.28	18.42	1435774976	hal	16.588	184	16	46	122	0	unknown	918.88	900.31	1961508864	hal	897.904	184	91	2	23	39
s3_srvr_8_true-unreach-label.cil.c	unknown	914.95	900.34	2204184576	kachchab	898.655	186	16	0	1	0	unknown	26.15	21.48	1162997760	kachchab	19.668	186	26	49	111	0	unknown	13.74	9.16	614535168	kachchab	7.304	186	10	49	127	0	unknown	917.48	900.28	1912942592	kachchab	897.863	186	91	6	24	39
test_locks_14_false-unreach-label.c	unknown	6.16	3.90	152350720	gibli	2.545	75	61	14	0	0	unknown	910.80	900.23	1264959488	gibli	898.859	75	20	0	1	0	unknown	909.92	900.32	1494990848	gibli	898.874	75	20	0	1	0	unknown	910.69	900.27	1749192704	gibli	898.849	75	20	0	1	0
test_locks_15_false-unreach-label.c	unknown	6.25	4.06	152813568	levante	2.648	81	66	15	0	0	unknown	909.36	900.28	1133338624	levante	898.871	81	2	0	1	0	unknown	910.17	900.31	1516720128	levante	898.86	81	21	0	1	0	unknown	909.15	900.27	1759031296	levante	898.87	81	2	0	1	0
test_locks_10_true-unreach-label.c	unknown	4.28	2.86	127889408	chamsin	1.571	56	45	11	0	0	unknown	908.95	900.26	855949312	chamsin	898.867	56	2	0	1	0	unknown	909.30	900.30	1255624704	chamsin	898.932	56	2	0	1	0	unknown	909.89	900.29	1844662272	chamsin	898.906	56	2	0	1	0
test_locks_11_true-unreach-label_false-termination.c	unknown	4.61	3.02	142667776	bohorok	1.76	61	49	12	0	0	unknown	908.91	900.33	1132134400	bohorok	898.896	61	2	0	1	0	unknown	909.47	900.25	1134612480	bohorok	898.879	61	2	0	1	0	unknown	909.46	900.27	1144725504	bohorok	898.871	61	2	0	1	0
test_locks_12_true-unreach-label_false-termination.c	unknown	5.49	3.46	148938752	leste	2.164	66	53	13	0	0	unknown	909.32	900.25	1134813184	leste	898.848	66	2	0	1	0	unknown	909.46	900.25	1015570432	leste	898.865	66	2	0	1	0	unknown	909.47	900.25	1147113472	leste	898.836	66	2	0	1	0
test_locks_13_true-unreach-label.c	unknown	5.46	3.52	151306240	chinook	2.255	71	57	14	0	0	unknown	909.34	900.30	1399885824	chinook	898.851	71	2	0	1	0	unknown	909.52	900.27	1403117568	chinook	898.917	71	2	0	1	0	unknown	909.86	900.25	1141702656	chinook	898.854	71	2	0	1	0
test_locks_14_true-unreach-label.c	unknown	6.36	4.14	153673728	meltemi	2.766	76	61	15	0	0	unknown	909.52	900.24	1135149056	meltemi	898.907	76	2	0	1	0	unknown	909.81	900.27	847536128	meltemi	898.854	76	2	0	1	0	unknown	909.76	900.29	903921664	meltemi	898.871	76	2	0	1	0
test_locks_15_true-unreach-label_false-termination.c	unknown	6.72	4.28	149041152	necron	2.927	81	65	16	0	0	unknown	908.67	900.38	1401716736	necron	898.84	81	2	0	1	0	unknown	909.26	900.34	1506566144	necron	898.873	81	2	0	1	0	unknown	909.91	900.27	1417498624	necron	898.849	81	2	0	1	0
test_locks_5_true-unreach-label_false-termination.c	unknown	2.73	2.00	92352512	kitt	0.812	31	25	6	0	0	unknown	6.56	4.26	346050560	kitt	2.92	31	25	6	0	0	unknown	8.91	5.11	334737408	kitt	3.722	31	25	6	0	0	unknown	8.27	5.18	348737536	kitt	3.843	31	25	6	0	0
test_locks_6_true-unreach-label_false-termination.c	unknown	2.89	2.16	94191616	foehn	0.936	36	29	7	0	0	unknown	17.69	14.74	924667904	foehn	13.431	36	29	7	0	0	unknown	18.11	14.39	1428332544	foehn	13.03	36	29	7	0	0	unknown	23.67	18.48	1217990656	foehn	17.051	36	29	7	0	0
test_locks_7_true-unreach-label_false-termination.c	unknown	2.96	2.23	94543872	hal	1.048	41	33	8	0	0	unknown	119.86	115.21	1777459200	hal	113.78	41	33	8	0	0	unknown	97.86	94.00	1753001984	hal	92.551	41	33	8	0	0	unknown	135.38	127.95	1466314752	hal	126.547	41	33	8	0	0
test_locks_8_true-unreach-label_false-termination.c	unknown	3.83	2.62	103251968	mistral	1.401	46	37	9	0	0	unknown	910.41	900.25	1207246848	mistral	898.86	46	32	7	1	0	unknown	911.41	900.23	1137913856	mistral	898.858	46	34	8	1	0	unknown	914.20	900.24	1146388480	mistral	898.894	46	30	6	1	0
test_locks_9_true-unreach-label.c	unknown	3.81	2.55	101998592	kachchab	1.316	51	41	10	0	0	unknown	909.99	900.27	1515032576	kachchab	898.855	51	24	0	1	0	unknown	910.17	900.30	1506701312	kachchab	898.924	51	24	1	1	0	unknown	911.37	900.32	1852284928	kachchab	898.919	51	22	0	1	0
